hallazgo_id,plan_id,auditor,name_hallazgo,capitulo,dependencia,descripcion,causa,efecto
1,1,pwherrer1,Hallazgo  No 2:,,OAP,"Hallazgo  No 2:  ""(...) se estableció que el 20% de entrevistados entiende y explica razonablemente el concepto de política de la calidad, mientras que ninguno de los entrevistados, es decir el 0% ubica la política de calidad en la Intranet corporativa. Así mismo se evidenció que el 40% de entrevistados explicaron razonablemente la Misión de la entidad y conocen la Visión de la Entidad. ... incumplimiento del requisito 5.3  Política de la Calidad en lo que hace referencia al literal e), dado que aunque la política se ha comunicado a los servidores públicos y/o particulares, éstos no la han entendido.(...)""","1. Desconocimiento de la política de calidad, misión y visión de la entidad por parte de los funcionarios y contratistas vinculados al proceso
2. La arquitectura de la intranet del IDU no es amigable para que los funcionarios y contratistas identiquen de forma sencilla la misión, visión y política de calidad",
2,1,pwherrer1,Hallazgo No 3: ,,OAP,"Hallazgo No 3: (...) se evidenció que el mapa de riesgos del proceso de Seguimiento a Proyectos fue adoptado en el mes de octubre de 2014. Sin embargo no se presentaron evidencias sobre su divulgación y socialización, ni registros sobre la gestión adelantada. ... por lo cual se identifica no conformidad en lo que tiene que ver con el cumplimiento de los requisitos 4.1. (g) Requisitos Generales y 7.5.1 (g) Control de la producción y de la prestación del servicio en lo que tiene que ver con que la entidad debe establecer controles sobre los riesgos identificados y valorados que puedan afectar la satisfacción del cliente y el logro de los objetivos de la entidad y planificar y llevar a cabo la producción y la prestación del servicio bajo condiciones controladas, en este caso en lo que a los riesgos de mayor probabilidad e impacto se refiere.(...)","1.  El seguimiento al cumplimiento de las acciones previstas en el plan de tratamiento de riesgos del proceso se realiza cada cuatro meses;  por esta razón al haberse adoptado la matriz en octubre de 2014 se tenía plazo hasta el mes de diciembre de 2014 para documentar el primer seguimiento
2. El funcionario que publica el mapa de riesgos en la Intranet del IDU no pertenece al grupo de Seguimiento a Proyectos",
3,1,pwherrer1,Hallazgo No 4: ,,OAP,"Hallazgo No 4: (...)  se evidenció que no están formalizados los procedimientos, formatos, guías, manuales o documentos que permitan asegurar la planificación, operación y control eficaz del proceso, tanto en los productos que gestiona la Oficina Asesora de Planeación como en los productos que gestiona la Oficina de Atención al ciudadano, por lo cual se determina una No conformidad en lo que hace referencia al requisito 4.2.1 (d) Gestión Documental – Generalidades dado que la documentación del Sistema de Gestión de la Calidad debe incluir entre otros aspectos, los documentos, incluidos los registros, requeridos por la entidad para el cumplimiento de sus funciones y que le permitan asegurarse de la eficaz planificación, operación y control de sus procesos.","1. El proceso de Seguimiento a Proyectos inició su  implementación en 2014, por lo tanto requirió el diseño y la aplicación de procedimientos y formatos nuevos para la entidad,  que debieron tener pruebas piloto antes de su adopción y formalización. En estos términos se le explicó al auditor, a quien se le mostraron todos los documentos a formalizar",
4,1,pwherrer1,Hallazgo No 5: ,,OAP,"Hallazgo No 5:  ""(...) se evidenció que en diversos documentos, entre los cuales se incluye el documento “Informe Consolidado de la Encuesta sobre las Expectativas Ciudadanas” se utilizó como formato en archivo Excel un documento denominado ""Encuesta expectativa sobre el proyecto construcción de la Av. German Arciniegas (Cra. 11)"" el cual se utiliza como formato para este tipo de informes y se adecua según el tipo de proyecto sin haberse aprobado su emisión y haber surtido el proceso de formalización como formato.  Por lo anterior, se configura una no conformidad dado que no se cumple lo establecido en el numeral 4.2.3 Control de documentos de la NTCGP 1000:2009 en lo que hace referencia a su aprobación, identificación y a que la versión vigente se encuentre disponible en la intranet","1. El proceso de Seguimiento a Proyectos inició su  implementación en 2014, por lo tanto requirió el diseño y la aplicación de procedimientos y formatos nuevos para la entidad,  que debieron tener pruebas piloto antes de su adopción y formalización. En estos términos se le explicó al auditor, a quien se le mostraron todos los documentos a formalizar",
5,1,pwherrer1,Hallazgo No 6: ,,OAP,"Hallazgo No 6: ""(...) se evidencia que el documento Matriz de Riesgos de Gestión del proceso Seguimiento a Proyectos, que ha sido diligenciado en el formato FO-PE-06 Matriz de Riesgos Gestión V_1.0.xls no aparece publicado en la intranet conforme a lo establecido para este tipo de registros, por lo cual incumple el requisito 4.2.4 Control de registros en lo que se refiere a su disposición para recuperarse y controlarse y que proporcione evidencia de la conformidad de haberse levantado la matriz de riesgos del proceso. Adicionalmente no aparece su identificación asociada a las Tablas de Retención del área que gestiona el proceso (...)",1. El funcionario que publica el mapa de riesgos en la Intranet del IDU no pertenece al grupo de Seguimiento a Proyectos,
6,1,pwherrer1,Hallazgo No. 9:,,OAP,"Hallazgo No. 9:  (...) se evidenció que los funcionarios no tienen interiorizado el concepto de acciones correctivas ni tampoco se diligencian los registros correspondientes, de acuerdo con el procedimiento “PR-MC-115 acciones preventivas y/o correctivas V_3.0”, por lo cual se configura una no conformidad en lo que hace referencia al cumplimiento de los requisitos 8.5.2 Acción correctiva y 8.5.3 Acción preventiva de la norma NTCGP 1000:2009 dado que no se gestionan ni se registran las acciones para eliminar las causas de las no conformidades con el objeto de evitar que vuelvan a ocurrir ni tampoco las  acciones para eliminar las causas de no conformidades potenciales para prevenir su ocurrencia respectivamente (...).",1. Desconocimiento del procedimiento “PR-MC-115 acciones preventivas y/o correctivas V_3.0” y sus formatos asociados por parte de los contratistas y funcionarios involucrados en el proceso,
7,2,cldiazra1,Se evidenció qu,,STRF,Se evidenció que el proceso de Gestión Documental no es eficaz en el control de los registros que hacen parte del sistema de gestión de calidad,"1 Uso excesivo en los controles dentro del proceso
2 Falta de concientización del personal respecto del uso racional de los formatos, resistencia al cambio tecnológico",
8,2,cldiazra1,No se evidenció,,STRF,"No se evidenció adecuada gestión en el control de los documentos, relacionado con: duplicidad de información, error en publicación de documentos y falta de relación de acuerdos, decretos y demás normas aplicables al proceso en el normograma.",2. Actualizaciones normativas en Gestión Documental,
9,2,cldiazra1,Al preguntar a ,,STRF,"Al preguntar a través de entrevista realizada a 3 funcionarios del proceso de Gestión Documental sobre la misión, visión, política de calidad, no dieron respuesta acertada sobre el tema.","1. Falta de sentido de pertenencia, conocimiento institucional y apropiación de los conceptos.
2.Desconocimiento y falta de interés del marco estratégico institucional.",
10,2,cldiazra1,No se evidenció,,STRF,"No se evidenció que la entidad se asegure de preservar correcta y adecuadamente la memoria institucional a largo plazo y que tampoco brinde las condiciones físicas, ambientales y de salud y seguridad en el trabajo a los funcionarios y/o particulares que ejercen funciones públicas, incumplimiento no sólo a la normativa legal vigente aplicable sino las actividades N° 6 (gestionar la disposición de los documentos) y 10 (preservar la memoria institucional a largo plazo) establecida en la caracterización del proceso.","1. Asignación de recursos insuficientes para la adecuación del área de archivo.
2.Infraestructura deficiente.
3.Falta de interés del personal de archivos respecto del uso de los elementos de protección personal",
11,3,pwherrer1,Hallazgo No. 13,,DTP,"Hallazgo No. 13: Luego de realizadas las entrevistas correspondientes se estableció que el 71% de los entrevistados conocen los riesgos del proceso. No obstante, el 70% no gestionan los riesgos conscientemente ni aplican los controles identificados en el mapa de riesgos. Por lo anterior se identifica no conformidad, dado que no se llevan a cabo de manera controlada las actividades de administración de riesgo, establecidas en los requisitos 4.1. (g) Requisitos Generales y 7.5.1 (g) Control de la producción y de la prestación del servicio.",No existe conocimiento consciente de los controles identificados en el mapa de riesgos del proceso.,
12,3,pwherrer1,Hallazgo No. 4.,,DTP,"Hallazgo No. 4. Una vez analizada la documentación y registros entregados (documento de estructuración y priorización de proyectos de conservación para la vigencia 2014, matriz orden de elegibilidad conservación, memorandos dirigidos a DTM) así como la explicación de actividades para elaborar los programas de conservación de la infraestructura (mantenimiento, rehabilitación, reconstrucción) realizada durante la entrevista, se evidenció que para la actividad 2 “elaborar los programas y
priorizar las intervenciones de mantenimiento, rehabilitación y reconstrucción” del proceso factibilidad de proyectos, no se cumple lo establecido en el requisito “7.2.1 determinación de los requisitos relacionados con el producto y/o servicio”, toda vez que ninguno de ellos determina específicamente los requisitos para elaborar el producto asociado con esta actividad del proceso.",No existe documentación adoptada en donde se establezcan los requisitos para la estructuración de programas de conservación y donde se definan los responsables de la revisión y aprobación,
13,3,pwherrer1,Hallazgo No. 6.,,DTP,"Hallazgo No. 6. En las evidencias: actas de comité de conservación de 2014, acta plan de acción de emergencias, mapa malla vial y documento ""programa para la conservación de la malla vial, espacio público asociado para la ciudad de Bogotá, fase II vigencia 2014"", actas de comité de seguimiento SGDU y actas de reuniones de trabajo con los urbanistas que lideran la ejecución del producto Estudio de factibilidad; se observó que existe ausencia de responsabilidades para la revisión de los requisitos relacionados con los productos: “programas de conservación de la infraestructura (mantenimiento, rehabilitación, reconstrucción)” asociado con la actividad 2 del proceso y el producto estudios de factibilidad asociado con la actividad 5, incumpliéndose lo establecido en los numerales: “7.2.2 Revisión de los requisitos relacionados con el producto y/o servicio” que determina que la entidad debe revisar los requisitos relacionados con el producto y/o servicio. Y “5.5.1 Responsabilidad y autoridad”. En donde se establece que la alta dirección debe asegurarse de que las responsabilidades y autoridades están definidas y son comunicadas dentro de la entidad.",No existe documentación adoptada en donde se establezcan los requisitos para la estructuración de programas de conservación y donde se definan los responsables de la revisión y aprobación,
14,3,pwherrer1,Hallazgo No.7: ,,DTP,"Hallazgo No.7: Evaluadas las declaraciones y registros entregados, se evidenció que para el proceso auditado se realizan actividades de comunicación con sus clientes. No obstante no se conservan registros o no se consolidan de manera pertinente las actividades que permitan identificar que se cumple con el requisito “7.2.3 comunicación con el cliente”. Por lo anterior se identifica una NO conformidad en lo que tiene que ver con el cumplimiento del requisito 4.2.4 control de registros dado que no se proporciona evidencia de la conformidad con las actividades de comunicación con el cliente.","Existe un formato establecido de acta de reunión al igual que un formato de lista de asistencia. Sin embargo, en algunas ocasiones se presentan circunstancias particulares en las que no se levanta la respectiva acta de la reunión.",
15,3,pwherrer1,Hallazgo No.10:,,DTP,"Hallazgo No.10: Consultada la información disponible sobre el proceso, la documentación y registros en medio físico y en medio magnético suministrada durante la auditoría, así como el análisis de las declaraciones suministradas por los entrevistados, se evidenció que no están especificadas claramente las actividades y registros a través de las cuales se cumplen o se homologan los requisitos 7.3.4 Revisión del diseño y desarrollo, 7.3.5 Verificación del diseño y desarrollo y 7.3.6 Validación del diseño y desarrollo en la ejecución de los productos 2, 4, 5 y 6 contenidos en la caracterización del proceso factibilidad de proyectos, que corresponden a “Elaborar los programas y priorizar las intervenciones de mantenimiento”, “adquirir información primaria”; “ejecutar y elaborar los estudios de factibilidad” y “tramitar la reserva vial y estudio de tránsito” respectivamente.","No existe documentación en donde se especifique claramente la responsabilidad de la revisión, validación y verificación de los productos elaborados.",
16,3,pwherrer1,Hallazgo No.11:,,DTP,"Hallazgo No.11: A partir de las actividades de verificación y análisis de los productos correspondientes a los Estudios de Factibilidad y los Programas de Conservación de la Infraestructura y sus productos asociados a Priorización de Vías, se estableció que para el 100% se solicitan y se realizan cambios o ajustes por parte de los clientes del proceso, sin embargo no están identificadas claramente las diferentes versiones, especialmente en lo que a los Estudios de Factibilidad se refiere, dado que no contienen hoja de control de versiones, sino que se controla por cada líder de factibilidad.
Lo anterior evidencia que no se cumple el requisito 7.3.7 Control de los cambios del diseño y desarrollo, dado que no se identifican ni se mantienen los registros de los cambios del diseño y desarrollo, ni tampoco se tiene definido cuando es apropiado revisarse, verificarse y/o validarse dichos cambios.",No existe un procedimiento o documentación donde se especifique el requerimiento de incluir el cuadro de control de versiones,
17,3,pwherrer1,Hallazgo No. 14,,DTP,"Hallazgo No. 14: Frente a la caracterización y actividades claves del proceso, analizados los documentos suministrados se evidencia que a través de ellos se documenta razonablemente la actividad de factibilidad de proyectos viales. No obstante en lo que tiene que ver con la actividad de “Elaboración de programas y priorización de intervenciones de mantenimiento, rehabilitación y reconstrucción” no está documentado el instrumento que le permita asegurarse de una eficaz planificación, operación y control, dado que las actividades se realizan conforme al conocimiento y competencia de los profesionales que gestionan el producto. Por lo anterior se identifica una No conformidad, en lo que al cumplimiento del requisito 4.2.1 (d) Generalidades - Gestión Documental, dado que no se dispone de los documentos requeridos por el proceso para el cumplimiento de sus funciones y que le permitan asegurarse de la eficaz planificación, operación y control.",No existe documentación adoptada en donde se establezcan los requisitos para la estructuración de programas de conservación y donde se definan los responsables de la revisión y aprobación,
18,3,pwherrer1,Hallazgo No. 15,,DTP,"Hallazgo No. 15: Las comunicaciones y registros de los productos del proceso se identifican en series documentales como contratos y/o consecutivo de comunicaciones en el sistema Orfeo, evidenciándose que de acuerdo con la Tabla de Retención Documental del área que gestiona el proceso (Dirección Técnica de Proyectos) correspondería su identificación a la serie ""Proyectos de Infraestructura de los Sistemas de Movilidad y Espacio Público"". Adicionalmente los registros de los Comités de la Subdirección General de Desarrollo Urbano no se diligencian completamente en lo que corresponde a la numeración de consecutivos.
Por lo anterior se identifica No conformidad en cuanto a lo establecido en el numeral 4.2.4 Control de los registros, dado que no están implementados los controles en cuanto a la identificación, el almacenamiento, la protección, la recuperación, el tiempo de retención y la disposición de los registros, conforme a lo establecido en las Tablas de Retención Documental del área.","Aunque el índice de tablas de retención documental es conocido por todos, se desconoce que tipo de documentos deben remitirse al archivo central o al centro de documentación y en que momento se debe hacer.",
19,3,pwherrer1,Hallazgo No. 18,,DTP,"Hallazgo No. 18: Se evidenció en el proceso Factibilidad de Proyectos que para el 100% de los productos de factibilidad revisados en la auditoría, se recibieron observaciones sobre solicitud de ajustes, asociadas a la no conformidad del producto, en lo que a Estudios de Factibilidad se refiere.
Si bien es cierto, la entidad tiene documentado el procedimiento de Control de Producto No Conforme, en el proceso de Factibilidad de Proyectos no se identifican los productos no conformes, aunque si se hacen las correcciones correspondientes. En síntesis no se tiene implementado el procedimiento por lo cual se incumple el requisito 8.3 Control del producto y/o servicio no conforme, en lo que hace referencia a que la entidad debe asegurarse de que el producto y/o servicio que no sea conforme con los requisitos establecidos, se identifica y controla para prevenir su uso o entrega no intencionados.","No existe un procedimiento o documentación donde se especifique el requerimiento de incluir el cuadro de control de versiones
No existe documentación en donde se especifique claramente la responsabilidad de la revisión, validación y verificación de los productos elaborados.",
20,3,pwherrer1,Hallazgo No. 20,,DTP,"Hallazgo No. 20: Aunque actualmente el área ejecutora del proceso ejecuta una acción correctiva dentro de Plan de Mejoramiento con la Contraloría de Bogotá, que tiene que ver con la revisión y actualización de la lista de chequeo ""FO-EP-161"" Componentes Etapa de Factibilidad, se evidenció que el 100% de entrevistados no ha formulado acciones adicionales en su proceso a partir de No Conformidades identificadas internamente. Igualmente se identificó que el 100% de entrevistados no conoce el procedimiento de Acciones Correctivas del IDU.
En general en la ejecución del proceso se efectúan correcciones, principalmente ajustes a los Estudios de Factibilidad. No obstante, el concepto de Acción Correctiva, su aplicación y análisis metodológico de conformidad con el procedimiento documentado en el IDU (PR-MC-115 ACCIONES PREVENTIVAS Y O CORRECTIVAS V_3.0) y la elaboración de registros pertinentes conforme a los formatos establecidos no se realiza en el proceso, incumpliéndose el requisito 8.5.2 de la NTCGP 1000:2009.",Desconocimiento del procedimiento PR-MC-115 ACCIONES PREVENTIVAS Y O CORRECTIVAS V_3.0 y de los formatos relacionados.,
21,3,pwherrer1,Hallazgo No. 21,,DTP,"Hallazgo No. 21: Al preguntar a los entrevistados si ha formulado Acciones Preventivas a partir de No Conformidades Potenciales identificadas internamente y si conoce el procedimiento de Acciones Preventivas del IDU, se evidenció que el 100% no lo hacen.
Dado lo anterior se concluye que el concepto de Acción Preventiva, su aplicación y análisis metodológico de conformidad con el procedimiento documentado en el IDU (PR-MC-115 ACCIONES PREVENTIVAS Y O CORRECTIVAS V_3.0) y la elaboración de registros pertinentes conforme a los formatos establecidos no se realiza en el proceso, incumpliéndose el requisito 8.5.3 de la NTCGP 1000:2009.",Desconocimiento del procedimiento PR-MC-115 ACCIONES PREVENTIVAS Y O CORRECTIVAS V_3.0 y de los formatos relacionados.,
22,4,cldiazra1,No se evidencio,,OAC,"No se evidencio el registro del plan de trabajo del proceso de comunicaciones para la vigencia 2015, , así como tampoco cartilla de identidad visual, ni registros de actas de seguimiento a reuniones internas  que evidencien la planeación del proceso para el 2015.",* Falta de claridad y exigencia en la entrega del registro del plan de trabajo.                                                                                                                                                                        *Cambio de direccionamiento y enfoque.                                                                                                                                                                                                                                                                                                                                                                                                                                                       *Poca claridad en la fecha de entrega del plan de trabajo.,
23,4,cldiazra1,Debilidad en el,,OAC,Debilidad en el control de registros del proceso de comunicaciones que forman parte del Subsistema de Gestión de Calidad.,"* Falta de control en el diligenciamiento y seguimiento a los formatos.                                                                                                                                                                                                                         
* La información recolectada en el formato FO-VO-157 (Elaboración de elementos de divulgación) no permite evidenciar la efectividad de la gestión de la OAC.  
* Falta de claridad en el control de registro de procesos.                                                                                                                                                                                                                                                                                                                                                                                                                  * Falta de sensibilización y/o desconocimiento por parte de las áreas, en la metodología para solicitar la divulgación de información al interior del IDU.",
24,4,cldiazra1,No se evidencio,,OAC,"No se evidencio que el proceso cuenta en su totalidad, con la infraestructura, herramientas y equipos para la adecuada gestión y lograr así la conformidad con los requisitos del servicio.","1. Incremento del número de funcionarios y/o contratistas debido a las necesidades de comunicación del IDU,  pero no incremento  de los recursos y/o equipos asignados, generando escacés de los mismos.                                                                                                                                                                                                              2. Cambio de las necesidades del área, debido al crecimiento de la entidad y al incremento de las necesidades de comunicación tanto interna como externa.",
25,5,cldiazra1,Se evidenció qu,,OAP,Se evidenció que la entidad no es eficaz en el control de los registros del Sistema de gestión de Calidad,Falta de conocimiento de los funcionarios de la forma como se hace el control de los registros,
26,5,cldiazra1,No se evidenció,,OAP,"No se evidenció Manual de Calidad  y/o documento acrualizado que describa  el alcance del SIG actual de la entidad, incluidos los detalles y la justificación de cualquier exclusión, los procedimientos documentados establecidos para el SGC o referencia a los mismos y tampoco una descripción de la interacción  entre los procesos del SIG",Demora en la integración de los susbsistemas del SIG en un nuevo manual,
27,5,cldiazra1,Se evidenció qu,,OAP,Se evidenció que  la entidad no es eficaz en el control de los documentos del SGC,"En el listado maestro no se identifican las caracterizaciones de procesos, la matriz de requisitos del SGC y el procedimiento de normograma",
28,5,cldiazra1,Se evidenció qu,,OAP,Se evidenció que algunos funcionarios  no son consientes de la importancia  de las actividades que realizan  para lograr los requerimientos de la norma,"Falta de conocimiento de los funcionarios de las caracterizaciones, objetivos y temas asociados al SIG",
29,5,cldiazra1,El informe de r,,OAP,"El informe de revisión por la dirección socializado en comité del SIG del 27 de junio de 2014 y que corresponde a la vigencia 2013, no evidencia de forma suficiente la información de entrada que se debe considerar para dicho informe",A la fecha de elaboración del informe no se contaba con el total de insumos requeridos para realizar el ejercicio de revisión por la dirección,
30,6,pcbaraja1,Socialización e,,SGDU,Socialización en la Directriz de Calidad - Misión - Visión del Instituto - Política de Calidad,Desconocimiento en la Directriz de Calidad - Misión - Visión del Instituto.,
31,6,pcbaraja1,Actualizar y Aj,,SGDU,"Actualizar y Ajustar la caracterización del el Proceso CP-IN-01 / Versión 1,0 frente a la Ley 1682 del 22/11/2013",Desactualización de la Ley 1682 en la Gestión Interinstitucional,
32,6,pcbaraja1,Socialización d,,SGDU,Socialización del Procedimiento PR-MC-115 Acciones Preventivas y/o Correctivas,Desconocimiento del Procedimiento PR-MC-115,
33,7,peussaga1,Al revisar el p,,SGJ,"Al revisar el procedimiento PR-JU-061 “Prevención del Daño Antijurídico” en el numeral 12 se establece que una vez adoptada la estrategia se debe socializar dentro de las 2 horas siguientes; sin embargo al momento de practicar la visita se evidenció que la estrategia adoptada el 1 de octubre de 2014, sólo fue socializada hasta el 5 de noviembre de 2014, mediante memorando 20144250634573. Incumpliendo con el numeral 4.2.4 de la norma NTCGP1000: 2009.","1- El procedimiento no esta acorde con la realidad actual de la medición de los tiempos. (Horas)
2-Desconocimiento del Procedimiento vigente respecto a la entrega de los productos",
34,7,peussaga1,Durante la visi,,SGJ,"Durante la visita efectuada se observó que el proceso no cuenta con el levantamiento del procedimiento para la atención de conceptos jurídicos, por lo tanto es recomendable que el área líder del proceso adelante las gestiones necesarias para levantar las actividades que se deben ejecutar al momento de recibir éste insumo, identificando tiempos, responsables y puntos de control.","1-Desconocimiento de las dependencias acerca de los procedimientos de ORFEO, en cuanto al momento de solicitar el número de radicado y radicar la solicitud al area correspondiente.",
35,8,peussaga1,No se evidenció,,DTDP,No se evidenció adecuada gestión en el contol de los documentos esto relacionado con duplicidad de información y error en publicación de documentos,"Falta de controles en la documentación publicada la página WEB del Instituto. (Intranet y Extranet)
Duplicidad e inexactitud en la información publicada en la web relativa al SIG",
36,8,peussaga1,No se evidenció,,DTDP,"No se evidenció adecuada gestión en el control de los registros, del proceso de Gestión Predial","Falta de aprobación de la herramienta de control: ""Lista de Chequeo de adquisición Predial y Lista de Chequeo de Gestión Social"" incluida en la Carpeta Unica de la DTDP
Falta de digitalización de   expedientes de los proyectos antiguos a cargo de la DTDP",
37,8,peussaga1,Debilidad en la,,DTDP,"Debilidad en la protección, custodia y salvaguarda de los inmuebles que se encuentran bajo la administración del IDU a través del ares de Predios y que corresponde a aquellos objeto en dación de pago.","Expedientes con documentación incompleta
Falta de saneamiento de los bienes entregados a la DTDP
Falta de la formalización de la entrega de las cuotas partes recibidas por el IDU determinadas como bienes en dación en pago.",
38,9,pfayalar1,Se evidenció qu,,STRF,"Se evidenció que algunos de los formatos empleados para el seguimiento de los contratos con pólizas de estabilidad vigentes, no se encuentran diligenciados en su totalidad, algunos carecen de firma, interventorías y/o representantes de aseguradoras, o de funcionarios del Instituto, lo que no permite evidenciar su completa validez. Estas situaciones se dan tanto en formatos empleados en campo, como en formatos derivados del aplicativo empleado para los seguimientos.",Descuido en el diligenciamiento completo de los formatos e inasistencia de algún paritcipante.,
39,9,pfayalar1,Se evidenció qu,,STRF,"Se evidenció que a la fecha de corte de la evaluación, la Entidad no tiene publicado en la Intranet el procedimiento para realizar la expedición, seguimiento y recibo de Licencias de Excavación.",El procedimiento fue establecido por una Resolución que se encuentra en proceso de derogación.,
40,9,pfayalar1,Se evidenció qu,,STRF,"Se evidenció que para la actividad de Administrar el Uso del Espacio Público y de Antejardines, la entidad luego de haber otorgado un permiso para uso de suelo del espacio público no constata, ni deja evidencia de las condiciones físicas en las cuales, se reciben y se entrega dichos espacios. Adicionalmente, no se evidencia documento que describa las actividades y puntos de control que se deben llevar a cabo para verificar la conformidad de los espacios antes y posterior a ser autorizado por parte del IDU, su uso.","No se cuenta con un formato establecido, ni con el suficiente personal, para la entrega y recibo del espacio público de todas las autorizaciones de uso que se realicen.",
41,9,pfayalar1,"No obstante, es",,STRF,"No obstante, estarse haciendo la función de supervisión de los contratos para la actividad, Administrar parqueaderos a cargo de la entidad, por parte de la DTAI, no se evidenció ningún tipo de informe que permita verificar el correcto desarrollo de los contratos a cargo de la entidad y que pueda ser revisado por la jefatura del área a fin de poder establecer el correcto desarrollo de los mismos. Así mismo, las evidencias que diariamente se controlan no son registradas y/o almacenadas adecuadamente.","Debido a que se realiza la revisión y aprobación del informe del concesionario o la interventoría, además de verificaciones propias de la supervisión, no se considero necesario elaborar un informe adicional.",
42,10,pfayalar1,Se evidencia qu,,DTD,Se evidencia que no se identifican los cambios y el estado de la versión sobre los documentos mediante los cuales los especialistas realizan las observaciones a los productos.,"Revisado el contrato No. IDU-2166-2013, se conoció que el seguimiento al producto lo efectúa el supervisor apoyándose en las revisiones y observaciones que realizan los especialistas de la DTD,  las cuales se dan a conocer a través de oficio al consultor, actividad que es reiterativa, hasta obtener el producto que cumpla con los requisitos establecidos.",
43,10,pfayalar1,Los formatos es,,DTD,"Los formatos establecidos para el Acta de seguimiento al contrato, e informes de seguimiento a los mismos  estaban desactualizados e incompletos","Revisados los contratos IDU-2166-2013,  IDU-1767-2013, IDU-1841-2013 el Acta de reunión de fecha 30/04/2014 de seguimiento a los contratos se encuentra diligenciada en un formato desactualizado 4-IDU-TIP-3-01, y  el formato FO-DP-02 INFORME SEGUIMIENTO AL DISEÑO DE PROYECTOS V_1.0  de fecha 30/09/2014 del contrato IDU-1406-2013 no se encuentra firmado ni completamente diligenciado.",
44,10,pfayalar1,La Dirección Té,,DTD,"La Dirección Técnica de Diseño de Proyectos planifica o estructura procesos de estudios y diseños en los que incluye como uno de sus componentes la Factibilidad, función que según el acuerdo 002 de 2009, es competencia de la Dirección Técnica de Proyectos.","La DTD planifica o estructura procesos de Estudios y Diseños en los que se incluyen como uno de  sus componentes la factibilidad , elaborando a través de la misma área dicha factibilidad tal como se refleja en los objetos de los contratos IDU-14106-2013, IDU-2115-2013 y IDU-2166-2013",
45,10,pfayalar1,La Ley 1682 de ,,DTD,"La Ley 1682 de 2013 "" Ley de Infraestructura"",  no esta contenida dentro del normograma del proceso de diseño de proyectos y se mantienen obligaciones en contratos en ejecución que nos aplican la mencionada Ley.",No se encuentra incluida dentro del normograma,
46,10,pfayalar1,Carencia  de su,,DTD,"Carencia  de suficientes y adecuados recursos y elementos de diversa índole para la revisión y validación de los productos de consultoría y la obtención de datos para la elaboración de los diseños "" in house""","Los contratos de Estudios y diseños que no tienen interventoría
Los Estudios y Diseños hechos en Casa",
47,10,pfayalar1,Desconocimiento,,DTD,"Desconocimiento de la Visión, Misión y la Política (Directriz) de la Calidad, así como su ubicación en la intranet de la entidad","Falta de apropiación, interiorización y conocimiento por parte de los servidores y servidoras en lo referente al Subsistema de Gestión de Calidad",
48,10,pfayalar1,Los servidores ,,DTD,Los servidores no son  consientes de la pertenencia e importancia de sus actividades y de como contribuyen al logro de los objetivos de calidad.,Debilidad en el conocimiento apropiación interiorización e implementación de la documentación  y procedimientos del Subsistema de Gestión Calidad.,
49,10,pfayalar1,La caracterizac,,DTD,"La caracterización de procesos de la DTD, no es conocida en su totalidad por los funcionarios de la DTD","La caracterización de los proceso adoptado mediante Resolución 56423 del 11 de julio de 2014, no es conocida, se evidencia que la Entidad no se ha asegurado que los servidores y servidoras no conocen la existencia de la Caracterización de su proceso.",
50,10,pfayalar1,El procedimient,,DTD,"El procedimiento documentado PR-EMG-27 - Control de Producto o Servicio No Conforme, no se aplican o no se tiene implementados dentro del proceso.",Los servidores y servidoras desconocen la existencia del procedimiento documentado PR-EMG-27 - Control de Producto o Servicio No Conforme,
51,10,pfayalar1,El procedimient,,DTD,"El procedimiento PRMC-115 PROCEDIMIENTO DE ACCIONES PREVENTIVAS Y/O CORRECTIVAS, no es conocido y aplicado por los servidores de la DTD","Se desconoce el concepto de Acción Correctiva y Preventiva, su aplicación y análisis metodológico de conformidad con el procedimiento documentado PRMC-115 PROCEDIMIENTO ACCIONES PREVENTIVAS Y/O CORRECTIVAS_V3.0 que involucra los registros de la determinación de causas.",
52,11,pfgaravi1,Tomar las accio,,STRH,"Tomar las acciones necesarias para mantener debidamente diligenciados todos los formatos y los documentos de la Seguridad Social de las hojas de vida de los funcionarios del IDU, durante la vigencia 2015.",Falta de aplicación de lo dispuesto en la norma y en el formato de actualización de hojas de vida.,
53,11,pfgaravi1,Lograr que las ,,STRH,"Lograr que las personas que pertenecen a la STRH interioricen de manera correcta los conceptos de misión, visión y política de calidad de la Entidad.",Desconocimiento de los conceptos del plan estratégico IDU.,
54,11,pfgaravi1,Lograr que los ,,STRH,Lograr que los funcionarios que ingresen a la Entidad interioricen y tengan claridad sobre los temas de Plataforma Estratégica y Política de Calidad de la misma.,Falta de aplicación de lo dispuesto en la norma.,
55,11,pfgaravi1,Verificar que l,,STRH,Verificar que las metas trazadas en los objetivos del Proceso de Gestión de Talento Humano con respecto al cumplimiento de actividades relativas a clima organizacional se cumplan.,Declaratoria de desierto del proceso de contratación sobre clima organizacional.,
56,12,plleiva1,Se encuentran f,,DTC,Se encuentran formatos desactulizados en el proceso de ejecución de obra,los formatos no se ha actualizados,
57,12,plleiva1,Se conoce poco ,,DTC,Se conoce poco la política de calidad de la Entidad,"Falta de capacitación e inducción de los miembtros de la DTC, STEST y STESV",
58,12,plleiva1,No hay personal,,DTC,"No hay personal idóneo (Ing. Mecánico) que realice control a los equipos de cosntrucción, acorde a lo establecido en el apéndice B",No se encuentra en los apendices de los contratos un Ing. Mecánico que realice seguimiento a los equipos de construcción,
59,12,plleiva1,No se conoce el,,DTC,"No se conoce el procedimiento PR-MC-115-Acciones preventivasy/o correctivas V-3,0, por los funcionarios del área","El procedimiento PR-MC-115-Acciones preventivasy/o correctivas V-3,0, se ha utilizado por el personal del área u no lo conocen",
60,13,phpulido1,Los siguientes ,,OAC,"Los siguientes documentos no se encuentran debidamente validados, revisados y aprobados para su uso, faltando al requisito del procedimiento de Control de Documentos y a la guía de documentación del SIG IDU:
Guía de Gestión Social.
Formatos de Encuestas de Satisfacción (o percepción)
Metodología para cálculo de la satisfacción.
Los documentos anteriormente citados, no estan firmados, no tienen códigos, ni publicados en la intranet y no se encuentran en el listado de documentos del SIG.","Al momento de la auditoria se encontraba en tramite la adopción del documento ""Guía de Gestión Social y la adopción del procedimiento ""Observatorio de satisfacción y percepción ciudadana e imagen institucional""",
61,13,phpulido1,Se evidencia qu,,OAC,"Se evidencia que las actas de reunión de gestión social se encuentran sin numeración lo que no permite una trazabilidad adecuada. Se evidencia que no hay concordancia entre lo registrado entre la matriz de seguimiento y las actas de reunión (se confrontan actas de reunión  que pertenecen al  contrato 050-2010 cuyo acompañamiento hace la profesional encargada del tema, pero en la matriz figura su acompañamiento para el contrato 044-2010, lo cual no da claridad sobre a cual número de contrato concretamente hace su aporte). Por lo anterior se genera incumplimiento al numeral 7.5.3, por cuanto la información presentada no permite la trazabilidad de las actividades realizadas.","Los numeros de los contratos de obra y de intervenoria son diferentes, aunque se trate del mismo proyecto de infraestructura.",
62,13,phpulido1,Existe hallazgo,,OAC,"Existe hallazgo para el proceso de tirillas SIGES, a cargo del funcionario responsable del tema, el cual se encuentra establecido en la matriz de riesgos para el proceso, teniendo evidencia solamente de los reportes hasta el mes de marzo de 2014. Se informa como causa que no se ha logrado implementar satisfactoriamente la plataforma tecnológica. Por lo anterior se genera incumplimiento al numeral 7.5.1 por cuanto no se ejecuta el proceso desde el mes de abril conforme a lo planificado.",El aplicativo SIGES no permite obtener y consolidar la información de la gestion social de los proyectos.,
63,13,phpulido1,No se evidencia,,OAC,"No se evidencia revisión aleatoria a la calidad de las respuestas a las peticiones durante el año 2014,  incumpliendo lo observado por el manual de derechos de petición (pág. 29), afectando el cumplimiento del numeral 7.2.3 al no contar con disposiciones eficaces para determinar la calidad de la información dada a la ciudadanía.","La revisión aleatoria a la calidad de la respuesta se hace mediante la encuesta de satisfacción, pues la OTC no está en la capacidad de valorar la calidad de cada una de las respuestas que salen del Instituto. Se requiere tener a tiempo la base de datos consoidada de los derechos de petición que ingresan por el sistema de correspondencia Orfeo para definir una muestra para aplicar la encuesta.",
64,13,phpulido1,No se evidencia,,OAC,"No se evidencia un análisis de datos y toma de acciones de mejora frente a los informes 2014 que genera el grupo de Seguimiento sobre la percepción ciudadana frente a los diferentes trámites y servicios y proyectos misionales, incumpliendo lo requerido en el numeral 8.4 al no realizar el ánalisis de datos para evaluar donde realizar la mejora continua de la eficacia, eficiencia y efectividad sobre la información de la satisfacción del cliente.",Aunque los informes son remitidos a la Dirección General se requiere mayor divulgación y documentar las acciones de mejora tomadas frente a sus resultados.,
65,13,phpulido1,No se evidencia,,OAC,"No se evidencia aplicación del procedimiento de Acciones Correctivas y Preventivas durante el año 2014, ni el uso de los formatos allí solicitados",Se ha dejado de evidenciar o documentar las acciones de mejora que se toman en la OTC,
66,14,phpulido1,Hallazgo No.1. ,,STRT,"Hallazgo No.1. ""En las entrevistas realizadas a los responsables y gestores del proceso, se identificó que hay un conocimiento parcial de las actividades descritas en la caracterización del proceso y de su ubicación en la intranet""","Desconocimiento del modelo de operación por procesos.
Desconocimiento del alcance de los procesos de acuerdo al modelo y sus responsables.",
67,14,phpulido1,Hallazgo No.2. ,,STRT,"Hallazgo No.2. ""Se evidencia la existencia de fallas en los registros del proceso, por cuanto no es posible contar con la evidencia que permita demostrar el cumplimiento de la operación eficiente, eficaz y efectiva del proceso, en cuanto a la identificación, almacenamiento y disposición de registros"".","Cuando se presenta un incidente de alto impacto, se inicia con la solución sin haberse registrado el caso en la herramienta de Mesa de Servicio.",
68,14,phpulido1,Hallazgo No. 3.,,STRT,"Hallazgo No. 3. ""Se dispone de una herramienta informática para gestionar el ciclo de vida de los incidentes, pero durante la auditoria no se evidenció que se disponga de la documentación para su control y operación"".",No se encuentran manuales específicos para la versión personalizada de la herramienta de mesa de servicios.,
69,14,phpulido1,Hallazgo No. 4:,,STRT,Hallazgo No. 4: No se identifican “controles sobre los riesgos identificados y valorados en relación con la falta o insuficiencia de recursos financieros que puedan afectar la satisfacción de cliente y el logro de los objetivos de la entidad”.,"En el trabajo de valoración de riesgos y controles de la STRT, no se definieron controles para mitigar el riesgo relacionado con la falta o insuficiencia de recursos.",
70,14,phpulido1,"Hallazgo 5. ""No",,STRT,"Hallazgo 5. ""No se realizó el backup diario incremental al correo de acuerdo con lo establecido en el Manual MG-Tl-016 para la realización y restauración de backup de información versión 2.0, ya que no se contaba con las condiciones controladas requeridas para su ejecución toda vez que no se contaba con unidades adicionales para toma de copias de respaldo, ya que las disponibles se encontraban en mantenimiento, incumpliendo el requisito 6.3 “Infraestructura” en lo que tiene que ver con proporcionar y mantener la infraestructura necesaria para lograr la conformidad con los requisitos del producto y/o servicio en cuanto a b) herramientas, equipos y sistemas de información (tanto hardware como software) para la gestión de los procesos"".","Las tareas de mantenimiento de las librerias se ejecutaron conjuntamente, dejando sólo una libreria en operación.
La aplicación que controla las tareas de generación de copias no hace re-intentos automáticos de generación de copias de tareas fallidas.",
71,14,phpulido1,Hallazgo No. 6:,,STRT,"Hallazgo No. 6: Se evidencia que los registros e informes no brindan confiabilidad de la información sobre la eficacia y cumplimiento de requisitos que tienen que ver con la gestión de incidentes de seguridad de la información, aspecto básico en el tratamiento de riesgos de la seguridad de la información.","No se hace el cierre inmediato a los eventos registrados por los usuarios, una vez finalizada la atención al mismo.",
72,14,phpulido1,"Hallazgo 7. ""Se",,STRT,"Hallazgo 7. ""Se evidencia que el proceso no proporciona ni mantiene la infraestructura necesaria para la prestación del servicio bajo condiciones controladas en lo relacionado con herramientas y sistemas de información para la gestión de los procesos. Aunque no se hacen pruebas específicas, cuando se realiza restauración por demanda, no se han presentado inconsistencias"".",No hay disponibilidad de espacio de almacenamiento para realizar restauraciones aleatorias de tareas de backup terminadas exitosamente.,
73,14,phpulido1,"Hallazgo 8. ""No",,STRT,"Hallazgo 8. ""No se evidencia que el proceso disponga de los documentos requeridos para el cumplimiento de sus actividades, que le permitan asegurarse de la eficaz planificación, operación y control en lo referente a la Gestión de la Seguridad de la Información, para lograr la conformidad del producto o servicio"".","El SGSI es un proyecto que se encuentra en fase de implementación, y que a medida que vaya cumpliendo sus etapas irá generando los productos definidos.
Algunas de las tareas y documentos se habían concebido bajo los lineamientos para un SGSI basado en la norma ISO 27001 versión 2005 que ya no es válida pues fue remplazada por su versión 2013.",
74,14,phpulido1,"Hallazgo 9. ""Au",,STRT,"Hallazgo 9. ""Aunque se contó con un Plan de Trabajo para el Traslado del Datacenter, con prerequisito “Back up de todos los servicios y aplicaciones”, en el cual se estableció como primera actividad “Backup Soluciones”, sin embargo no se identificaron los riesgos asociados a esta actividad y tampoco se estableció un Plan de Contingencia. Lo mismo se identifica para las actividades “Apagado de Infraestructura” y “Encendido de Infraestructura”. De igual manera no se identifican en el plan de trabajo, el planteamiento de actividades de preparación para llevar a cabo el traslado ni el acompañamiento por parte del contratista en sitio"".","Para el proyecto del Traslado del Datacenter, se tomaron y evaluaron todos los riesgos de las actividades propias del proyecto, no se analizaron los riesgos, ni el plan de continuidad para las actividades que se ejecutan rutinariamente, pues éstas ya cuentan con dichos análisis.",
75,14,phpulido1,Hallazgo No. 10,,STRT,"Hallazgo No. 10: El Sistema de Información Geográfica se encuentra actualmente fuera de la administración del proceso TIC, así como sus productos (mapas temáticos, planos, georeferenciación) y en el mapa de riesgos del proceso de TIC no se registra un riesgo asociado o asimilable que permita identificar que están establecidos los controles sobre los riesgos identificados y valorados que puedan afectar la satisfacción de cliente y el logro de los objetivos de la entidad.","En el trabajo de valoración de riesgos y controles de la STRT, no se definieron riesgos y controles relacionados con la administración del Sistema de información Geográfica",
76,14,phpulido1,Hallazgo No. 11,,STRT,"Hallazgo No. 11: Se evidencio que existen formatos que se utilizan al interior del área que no han sido adoptados de acuerdo con el Sistema Integrado de Gestión, tal como el formato del Informe Final de Ejecución del Contrato IDU 024 de 2012.","Desconocimiento de la finalidad del Sistema de gestión de calidad, en cuanto a la utilización y aplicación de los formatos y documentos asociados a cada uno de los procesos.",
77,14,phpulido1,Hallazgo No. 12,,STRT,"Hallazgo No. 12: Actualmente se ha iniciado la elaboración del formato para realizar el cruce entre lo contratado y lo especificado en los pliegos, y lo contratado contra el producto recibido, pero aún no se ha finalizado el proceso de adopción del formato.","Desconocimiento de la finalidad del Sistema de gestión de calidad, en cuanto a la utilización y aplicación de los formatos y documentos asociados a cada uno de los procesos.",
78,14,phpulido1,Hallazgo No. 13,,STRT,"Hallazgo No. 13: Actualmente no se realiza la evaluación de la calidad de prestación del servicio de los sistemas de información (disponibilidad del sistema, tiempos de respuesta, integración con otros sistemas, funcionalidad)","Con la administración anterior se determino que la periodicidad para realizar la encuesta de satisfacción respecto a los servicios de información iba a ser cada dos años. La ultima encuesta se realizo en la vigencia 2013, por lo que la siguiente encuesta se debia realizar en la vigencia 2015.",
79,14,phpulido1,"Hallazgo 14.  """,,STRT,"Hallazgo 14.  ""Se evidencia que las acciones correctivas no son apropiadas a los efectos de las no conformidades encontradas, ni se efectuó una correcta determinación y registro de las causas de las no conformidades, incumpliéndose el requisito 8.5.3 establecido en la entidad a través del procedimiento PR-MC-115 ACCIONES PREVENTIVAS Y/O CORRECTIVAS V_3.O. lo que ocasiona la formulación errada de las acciones a tomar. Igualmente se incumple lo establecido en el procedimiento 4.2.4 control de registros en cuanto al diligenciamiento de formato de análisis de causas, que permita evidenciar la conformidad con lo establecido en el procedimiento PR-MC-115 Acciones Preventivas y/o Correctivas V 3.0""","No se tiene un adecuado entrenamiento del personal que atendió los hallazgos sobre la aplicación del procedimiento ""PR-MC-115 ACCIONES PREVENTIVAS Y/O CORRECTIVAS V_3.0"" o sobre los formatos para análisis de causas, acciones preventivas y correctivas y planes de mejoramiento.",
80,14,phpulido1,Hallazgo No. 15,,STRT,"Hallazgo No. 15: Que no se cuente con el ambiente adecuado de trabajo, necesario para lograr la conformidad con los requisitos del producto o servicios de proceso TIC en lo que hace referencia a la distribución de los puestos de trabajo, disponibilidad de muebles o dispositivos para organizar la información de consulta constante en la STRT área gestora de proceso.","No se cuenta con la cantidad de puestos de trabajo suficientes, ni los mecanismos de almacenamiento en cuanto a cajones y archivadores, debido a la gran cantidad de personas que se encuentran trabajando actualmente en el area.",
81,15,ccbernal2,2. Dentro de la,,DTGC,"2. Dentro de la minuta establecida para los contratos de conservación firmados recientemente no se incluyo la clausula que dispone la ley 1682 de 2013 Ley de Infraestructura, con lo cual se incumple el requisito establecido en la NTCGP 1000: 2009 - Numeral 7.2.1 Literal c)","Falta de coordinación entre las áreas técnicas solicitantes de la contratación, la Dirección Técnica de Procesos Selectivos y la Dirección Técnica de Gestión Contractual.",
82,15,ccbernal2,5. Inadecuado r,,DTGC,5. Inadecuado registro del estado de contratos en el Sistema de Información y Acompañamiento Contractual SIAC cuando es aprobada la garantía.,Falta de claridad de la aplicabilidad de cada uno de los estados del Sistema de Información y Acompañamiento Contractual - SIAC - Modulo Contratación,
83,15,ccbernal2,7. Actas de Com,,DTGC,"7. Actas de Comité de la Subdirección General Jurídica que no se encuentran completamente firmadas, Incumpliendo el requisito establecido en la NTCGP 1000:2009 Numeral 4.2.4",Rotación del personal a cargo del control y seguimiento de las actas de comité Jurídico.,
84,15,ccbernal2,8. El comité de,,DTGC,"8. El comité de la Subdirección General Jurídica no esta sesionando mensualmente, tal como lo establece el Art. 39 de la resolución 22477 de 2014 Incumpliendo el requisito establecido en la NTCGP 1000:2009 Numeral 7.2.1",Rotación del personal a cargo del control y seguimiento del cronograma de sesiones del Comité de la Subdirección General Jurídica.,
85,15,ccbernal2,Incumplimiento ,,DTPS,"Incumplimiento en los tiempos establecidos en el procedimiento de Concurso de Méritos para revisión de los procesos - incumplimiento al requisito de la NTGCP 1000:2009 numeral 7.5.1, literal f) implementación de actividades de aceptación, entrega y posterior a la entrega y/o servicio.",Falta claridad en el procedimiento no existe política definida para la radicación simultanea del proceso de obra y la interventoría falta de comunicación,
86,15,ccbernal2,No se evidencia,,DTPS,"No se evidencias actas de comité y actas de comité sin firmas. Incumplimiento al requisito establecido en la NTGCP 1000:2009 numeral 4.2.4 ""los registros son un tipo especial de documentos y se establecen para proporcionar evidencia…","Cambio del responsable de la custodia de las actas de comité falta de información acceso limitado a una sola persona para manejo, custodia de las actas.",
87,16,cnforero2,No se asegura e,,OAP,No se asegura el control total de los documentos del Sistema de Gestión de Calidad,Se evidencia que el MG-GP-01 Manual de gestión predial y la Cartilla de gestión predial y reasentamiento predial no se encuentra formalizado dentro de la documentación que maneja la entidad,
88,16,cnforero2,No se evidencia,,OAP,"No se evidencia que la Entidad analice los datos apropiados para demostrar la conveniencia, adecuación, eficacia, eficiencia y efectividad del sistema de gestión de la calidad con el fin de determinar la mejora continua del mismo.",No se cuenta con mecanismos para la consolidación y análisis de la información de los resultados de los indicadores de gestión,
89,18,plleiva1,E! grupo de ¡nr,,DTE,"E! grupo de ¡nriovacion y Desarrollo presenta su rnetodologaa trabajo y explTca Ja estructura del Plan estraTegico investigacion ai preguntarles por as actualizaciónes del plan, ejecutores del proceso cuenta que cada año actualtzaciones. Sin embargo dichas actualizaciones controlan po el sistema de Gestión. identificando un riesgo pérdida de información y manejo de versiones que afectar el cumplimiento del requisito 42.3 Control Documentos literal b) que define la necesidad de mantener","se cuenta con un documento que permita e control de
 versiones del Plan
 ostrategico de
 investigación",
90,18,plleiva1,auditar el grup,,DTE,"auditar el grupo del Sistema de información georeferencial identifico que la actualización del sistema depende información enviada por el contratista normalmente asociado liquidación del contrato. Esta situación genera un riesgo oportunidad y actualización de la información disponible sistema porque puede verse afectaoa la disponibilidad ¡ntormación geográfica relevante para el desarrollo de procesos generando un riesgo de incumplimiento frente numer& 7.2. Determinación de los requisitos relacionados productc o servicios, hteral d, donde se define la necesidad ident!ficar los requisitos adicionales que la entidad considere necesarios. ert este caso la información georelerenclal de proyectos.",Falta de divu’gación  procedicimiento R-lC-02  Actualización Sistema Información,
91,18,plleiva1,solicitar los s,,DTE,"solicitar los soportes de la aplicación de la metodología
 riesgos el auditado presenta una actas sueltas que de
 con su versión. el guarda en su escritorio. de igual
 solicitar los soportes de ¡os indicadores de gestión la
 preserta unas hojas legajadas sin carpeta y que guarda
 escritoiio, La situación descrita evidencia un Incumplimiento conforme al requisito mencionado. Esto es pata
 evidencia objetiva 4.2.4 control de Registro, donde se
 necesidad de aplicar controles para la identificación, almacenamiento y protección de los registros al
 Archivo del manual de gestión de archivo y correspondencia donde son establecidos los controles p9ranlos
 aplicabies en el IDU.","hay un
 digital para el
 los documentos relacionados
 riesgos e indicadores
 gestión",
92,18,plleiva1,Durante la audi,,DTE,"Durante la auditoria fueron piesentadas diferente mejoras identificadas derivadas de no conformidades sucedidas  proceso, como por ejemplo el pLan de contingencia pre5entado para responder al incumplimiento de la pianeación de indicador de gestión sin embargo no se evidencia que documentar las acciones de mejora se haya aplicado metodología de mejoramiento defhida en el IDUI Incumpliendo numeral 4.2.4 control de registros pues no se evidencian","Desconocimiento
 metodoloQia mejoramiento.
 de",
93,18,plleiva1,Durante la audi,,DTE,"Durante la auditoria los auditados presentaron documentos usados para el desarrollo de sus procesos que no aplican los lir:eamientos deftnkos para el SGC como por ejemplo el formato utiiizados por el grupo Ce Dwectorio de proveedores,
 documento Edición y ajuste de elementos cartográficos y
 general algunos documentos que pueden catalogarse vítales para conservar el conocimiento, definir los controles
 establecer lineamientos del subsistema de gestión, dichas situacíón incumple el numeral 4.2.3 Control de documentos donde se establece que los documentos del sistema de gestión deben controarse de acuerdo con el procedimier:to documentado para tal fin que paran el caso del IDU es
 procedimiento PA AC 108 Control de Documentos. Dicho procedimiento establece que los documentos deben estar codificados, aplicar los lineamientos de forma, validados para
 uso y adoptados","Los documentos estari en proceso
 elaboaciOri.",
94,19,pfayalar1,No se evidencia,,DTD,No se evidencia la planificación y control del diseño de los productos/servicios resultantes en el proceso de diseño de proyectos. Incumpliendo requisito 7.3 de la norma.,"No son claras en las actividades criticas de la caracterización del proceso de diseño de proyectos, la revisión y validación apropiadas para los estudios y diseños detallados o fase III de los proyectos.
No son claras las actividades que hacen parte de la revisión del Diseño de Proyectos, en el respectivo procedimiento.
No son claras en el procedimiento, las actividades con las cuales se verifica, que los resultados del diseño, cumplen con los requisitos y elementos de entrada
No son claras en el procedimiento, las actividades con las cuales se valida el diseño, para asegurarse de que el producto resultante es capaz de satisfacer los requisitos para su aplicación o uso.
No se tiene determinadas  completamente las responsabilidades y autoridades respectivas, en la revisión, verificación y validación apropiadas para cada etapa  de los diseños.
No se evidencia la planificación y control del diseño de los productos en el procedimiento  PR-DP-017 Programación, ejecución y seguimiento al diseño de proyectos.",
95,17,phpulido1,Se evidencia qu,,OTC,Se evidencia que para algunos casos la entidad no asegura la implementación de disposiciones eficaces para la comunicación con los clientes y el manejo de los datos personales,"En el momento de diligenciamiento de formatos, no se brinda información a las personas sobre el tratamiento a los datos personales recolectados.
Falta de socialización de la política de Protección de Datos Personales del IDU, formalizada mediante la Circular No. 19 de del 26 de Diciembre de 2013.",
96,20,ccrussis1,No se asegura l,,SGGC,No se asegura la planificación y control del diseño y desarrollo del producto/servicio en la entidad,No se cuenta con una metodología formal para estructuacion de acuerdos de valorizacion en la que se gestionen los requistos de diseño y desarrollo.,
97,16,cnforero2,No se asegura l,,OAP,"No se asegura la toma de 
 acciones correctivas para garantizar que las no conformidades presentadas no vuelvan a ocurrir.","El procedimiento de AC-AP no define los requisitos para revisar las no conformidades (incluyendo las quejas y reclamos de los clientes) y para evaluar la necesidad de tomar acciones correctivas y preventivas

No se considera el resultado de indicadores, quejas y reclamos, análisis de datos de la información del SGC.",
98,21,pwherrer1,No se asegura l,,DTPS,No se asegura la planificación y control del diseño y desarrollo de los productos/servicios resultantes en el proceso de diseño de proyectos. Incumpliendo requisito 7.3 de la norma.,"No existe un documento en el que se identifiquen las validaciones y los responsables de las mismas, durante los estudios de factibilidad o fase II de proyectos.",
99,22,peussaga1,No se asegura e,,DTDP,No se asegura el control de los equipos de seguimiento y medición utilizados para proporcionar evidencia de la conformidad de los productos/servicios de la entidad,"Falta de documentación de la metodología de calibración, verificación e intervalos específicos de utilización de los equipos requeridos para labores técnicas de ropografía del proceso Gestión Predial",
100,23,pcbaraja1,No se asegura e,,DTAI,No se asegura el cumplimiento de todos los controles establecidos en los procedimientos del Sistema de Gestión de Calidad,"La entidad establece en el procedimiento cruce de cuentas V3 con las empresas de servicios públicos, como punto de control la verificación que las actas estén oportuna y debidamente suscritas cumpliendo con lo establecido según cuerdo 002 de 2009. Se observa que en todos los casos no se realiza la recepción oportuna de pre actas y adicionalmente se cuenta con una base de datos en excel que no identifica todos los contratos que han requerido gestión institucional",
101,24,cldiazra1,No se asegura l,,OAP,No se asegura la total identificación y tratamiento del producto/servicio no conforme que se presenta en la entidad (PNC).,No se conoce la importancia del PNC,
102,16,cnforero2,No se evidencia,,OAP,No se evidencia que los indicadores establecidos para realizar la medición de los procesos demuestren la eficacia eficiencia y efectividad de la gestión tanto en el logro de los resultados planificados como en el manejo de los recursos utilizados,"Falta la consolidación de un equipo interadministrativo que garantice: 

1. Evaluación y depuración de los indicadores de gestión caracterizados para la institución desde vigencias anteriores a 2014;

 2.  Identificación de la tipología de indicadores existentes en la Institución; 

3. Depuración de los indicadores de gestión existentes para la organización;  

4. La consulta de la caracterización y los resultados de los indicadores de gestión; 

5. Relación clara entre la medición de los indicadores y las Metas del Plan de Desarrollo de Bogotá, la Misión, Visión, los objetivos estratégicos, metas estratégicas y mapa de procesos del IDU.

Personal designado por los Gerentes Públicos de las Dependencias para  la estructuración de los indicadores de gestión, sin la destreza adecuada.

Desactualización en la Institución de instrumentos caracterizados que contengan de forma clara la orientación en la elaboración de la caracterización de los indicadores de gestión de la Entidad.

En su mayoría los indicadores de gestión caracterizados en el  IDU, miden la gestión de cumplimiento, de tal forma, solo existen indicadores de tipología de eficacia.",
103,25,pfgaravi1,"""Que el proceso",,STRF,"""Que el proceso de Gestión de Recursos Físicos no cumpla con la satisfacción del cliente, por falta de una comunicación eficiente para la definicion de los requisitos relacionados con el producto o servicio"" - numeral afectado: 5.5.3 de la norma NTCGP1000:2009 - comunicacion interna","1. No está actualizada la caracterización del proceso
2. Falta de Identificacion clara de los requisitos y expectativas relacionados con el producto o servicio,  que los clientes del proceso de Gestión de Recursos Físicos exige.
3. Falta de definicion de los tiempos maximos y/o mínimos que requieren los clientes del producto o servicio que presta el proceso.
4. No se capacita al personal que trabaja en el proceso.",
104,25,pfgaravi1,"""En la caracter",,STRF,"""En la caracterizacion del proceso de gestión de recursos físicos CP-RF-01  no se identifican todas las entradas, actividades críticas y salidas, lo cual conlleva a una inadecuada planificación del proceso"" -  Numeral Afectado: 7. 1 Planificación de la realización del producto o prestación del servicio.","1. No hay capacitación sobre los conceptos del Enfoque por procesos y de la caracterizacion del proceso 
2. No está actualizada la caracterización del proceso
3. El líder del proceso no difunde lo que contiene la caraterizacion del proceso
4. Falta de motivacion del personal del proceso para que investigue el contenido del proceso y aporte ideas para la mejora.",
105,25,pfgaravi1,"""No se evidenci",,STRF,"""No se evidencia manual de supervisión para los bienes y servicios addquiridos desde el proceso de Gestión de Recursos físicos, hecho que puede incidir en que la verificación de los bienes y productos adquiridos por el proceso no sea adecuada, pues que el Manual de Supervisión existente es aplicable sólo a obra"". Afectando numeral 4.2.1 Generalidades. y numeral 7.4.3. Verificacion de los productos y/o servicios.","1. El manual de supervision no ha sido aprobado por el líder de proceso de Gestión Contractual.

2. El proyecto de documento que contiene lo referente a la supervisión no se ha difundido al personal del proceso de Gestión de recursos físicos

3. Falta capacitacion sobre el contenido del documento enviado a la OAP para ser integrado al manual de interventoria.

4. El personal que apoya la gestión en la supervision de contratos no conoce claramente la forma de realizar supervision a los contratos",
106,25,pfgaravi1,"""No se evidenci",,STRF,"""No se evidencia que la entidad se haya asegurado de que el personal tanto servidores como particulares que ejercen funciones públicas dento de la entidad, entiendan la politica (directriz) de calidad, que durante la auditoria se solicitó la descripción y aplicabilidad de la política de calidad al procedimiento desarrollado por el auditado, identificándose que éste la ubica en la intranet , pero no entiende su utlidad""  ""numeral afectado: 5.3. numeral (e) Política de calidad"" (sic)","1. No hay conocimiento claro de la importancia del Subsistema de Gestión de Calidad
2. No hay conocimiento claro de la importancia de la Directriz de Calidad, de los objetivos de calidad
3. El líder del Subsistema de Gestión de Calidad no ha difundido o sensibilizado a funcionarios y contratistas sobre el contenido de la política de calidad y su importancia
4. El líder del proceso de gestión de recursos físicos no ha difundido o sensibilizado a funcionarios y contratistas del proceso sobre el objetivo, alcance, y contenido de la caracterización del mismo.",
107,25,pfgaravi1,No aplicación d,,STRF,"No aplicación de la metodologia de mejoramiento definifica por la Entidad PR-MC-115, donde se establecen las características mínimas de las acciones correctivas y la necesidad de aplicar el procedimiento definido para el manejo e identificacion de causas.  numeral afectado: 8.5.2. Acción correctiva","1. No se ha capacitado al personal del proceso de gestión de recursos físicos el procedimiento de acciones correctivas 
2. El procedimiento se aplica solo cuando la OCI o los entes de control realizan auditorias a la gestión,  no hay cultura de autocontrol.
3. No se conocen los formatos que permiten identificar las causas para corregir las acciones identificadas.
4. No se conoce diferencia entre el procedimiento de auditoria interna, acciones correctivas, acciones preventivas y producto no conforme.",
